date,actor,country,platform,topic,statement,likes,shares
2026-08-01,Green Future,France,Instagram,climate,Public transport should be the easiest way to cross the city.,184,41
2026-08-02,Civic Alliance,France,X,economy,Small businesses need simpler rules and predictable taxes.,127,33
2026-08-03,Labour Voice,France,Facebook,work,Every worker deserves a stable contract and a living wage.,211,62
2026-08-04,Liberty Front,France,TikTok,security,Safer streets require visible local policing.,306,91
2026-08-05,Green Future,Germany,TikTok,climate,Affordable trains can cut emissions and connect rural communities.,278,74
2026-08-06,Civic Alliance,Germany,Instagram,economy,Investment in skills will strengthen local industry.,154,39
2026-08-07,Labour Voice,Germany,X,work,Collective bargaining protects dignity at work.,168,55
2026-08-08,Liberty Front,Germany,Facebook,immigration,Border policy must remain under democratic control.,243,80
2026-08-09,Green Future,Italy,X,climate,Cities need shade trees and cooler public spaces.,144,46
2026-08-10,Civic Alliance,Italy,Facebook,economy,Digital public services should save citizens time.,119,22
2026-08-11,Labour Voice,Italy,TikTok,work,Young people need paid training and secure first jobs.,325,88
2026-08-12,Liberty Front,Italy,Instagram,security,Communities expect fast action against organised crime.,252,67
2026-08-13,Green Future,Spain,Facebook,climate,Water security requires long term public investment.,190,51
2026-08-14,Civic Alliance,Spain,TikTok,economy,Entrepreneurs create opportunities when institutions work.,287,64
2026-08-15,Labour Voice,Spain,Instagram,work,Housing costs are eroding the value of wages.,230,73
2026-08-16,Liberty Front,Spain,X,immigration,Migration rules need clear limits and fair enforcement.,199,58
2026-08-17,Green Future,France,TikTok,housing,Energy renovation can lower bills and improve old homes.,341,105
2026-08-18,Civic Alliance,France,Facebook,education,Schools should teach practical digital skills.,138,28
2026-08-19,Labour Voice,France,X,housing,Public housing is essential infrastructure.,176,61
2026-08-20,Liberty Front,France,Instagram,security,Local authorities need resources to prevent violence.,267,77
2026-08-21,Green Future,Germany,Instagram,climate,Clean energy can support good industrial jobs.,205,49
2026-08-22,Civic Alliance,Germany,X,education,Universities and companies should cooperate on research.,132,31
2026-08-23,Labour Voice,Germany,Facebook,housing,Rent increases are pushing families out of their neighbourhoods.,224,70
2026-08-24,Liberty Front,Germany,TikTok,immigration,Integration requires language learning and shared civic rules.,318,93
2026-08-25,Green Future,Italy,Facebook,housing,Renovating vacant buildings can revive town centres.,173,44
2026-08-26,Civic Alliance,Italy,Instagram,education,Public institutions need evidence before adopting AI tools.,161,37
2026-08-27,Labour Voice,Italy,TikTok,work,Platform workers need transparent pay and legal protection.,352,112
2026-08-28,Liberty Front,Italy,X,security,The justice system must respond faster to repeat offences.,216,69
2026-08-29,Green Future,Spain,X,climate,Farmers need support to adapt to extreme heat.,159,48
2026-08-30,Civic Alliance,Spain,Facebook,education,Media literacy belongs in every secondary school.,147,34
2026-08-31,Labour Voice,Spain,Instagram,housing,Affordable housing helps workers remain near their jobs.,239,76
2026-09-01,Liberty Front,Spain,TikTok,immigration,Asylum decisions should be faster and rules should be consistent.,329,99
2026-09-02,Green Future,France,Facebook,climate,Cycling networks give families another safe transport option.,198,53
2026-09-03,Civic Alliance,Germany,TikTok,economy,Reliable infrastructure attracts long term investment.,294,71
2026-09-04,Labour Voice,Italy,Instagram,work,Equal pay requires transparent salary scales.,245,79
2026-09-05,Liberty Front,Spain,Facebook,security,Emergency services need stable funding and modern equipment.,228,66
